Batch Number,Reviews Processed,Time Taken (s),Embeddings/sec,Memory Usage (MB)
1,500,27.67,18.07,949.70
2,500,23.85,20.96,963.58
3,500,39.03,12.81,979.79
4,500,20.31,24.61,952.29
5,500,25.17,19.87,696.19
6,500,23.08,21.67,714.45
7,500,30.55,16.37,634.13
8,500,44.38,11.27,620.23
9,500,96.61,5.18,585.19
10,500,61.09,8.18,586.58
11,500,32.28,15.49,596.12
12,500,54.42,9.19,516.24
13,500,39.04,12.81,616.07
14,500,53.66,9.32,445.77
15,500,14.43,34.64,625.46
16,500,18.80,26.59,552.91
17,500,17.61,28.40,643.02
18,500,26.91,18.58,625.88
19,500,22.01,22.72,627.96
20,500,20.89,23.93,679.88
21,500,22.85,21.88,475.11
22,500,20.81,24.02,634.28
23,500,20.62,24.25,625.10
24,500,20.13,24.83,634.27
25,500,22.27,22.45,633.59
26,500,18.45,27.09,663.59
27,500,22.77,21.96,676.10
28,500,28.21,17.72,674.43
29,500,30.43,16.43,672.79
30,500,26.51,18.86,645.88
31,500,19.85,25.19,675.37
32,500,19.90,25.13,679.47
33,500,19.57,25.55,683.88
34,500,19.84,25.20,671.43
35,500,19.15,26.10,680.74
36,500,17.92,27.89,677.10
37,500,19.98,25.03,714.71
38,500,22.59,22.14,699.76
39,500,29.29,17.07,692.85
40,500,26.94,18.56,714.64
41,500,26.17,19.11,700.65
42,500,26.46,18.90,719.90
43,500,15.55,32.16,703.59
44,500,14.85,33.67,704.05
45,500,15.76,31.72,687.53
46,500,15.59,32.07,696.15
47,500,15.78,31.69,716.21
48,500,17.58,28.43,723.03
49,500,16.95,29.49,748.38
50,500,17.84,28.03,751.58
51,500,16.91,29.57,762.46
52,500,16.78,29.80,772.34
53,500,17.53,28.52,757.38
54,500,18.09,27.63,747.61
55,500,17.49,28.58,768.56
56,500,13.05,38.31,770.85
57,500,13.41,37.28,772.18
58,500,13.26,37.71,776.12
59,500,13.53,36.94,778.94
60,500,13.08,38.22,772.59
61,500,12.67,39.45,773.50
62,500,14.04,35.62,774.58
63,500,13.65,36.63,757.57
64,500,13.40,37.32,759.48
65,500,13.03,38.39,749.14
66,500,13.14,38.04,798.98
67,500,13.58,36.83,773.69
68,500,12.88,38.81,753.40
69,500,13.33,37.51,764.91
70,500,12.90,38.75,758.16
71,500,13.51,37.02,787.38
72,500,13.27,37.69,762.40
73,500,12.96,38.58,776.92
74,500,13.09,38.19,769.24
75,500,12.04,41.53,783.36
76,500,12.69,39.41,767.14
77,500,14.49,34.51,784.54
78,500,13.36,37.43,770.71
79,500,14.96,33.43,792.44
80,500,16.50,30.30,765.54
81,500,16.66,30.02,753.43
82,500,15.71,31.84,741.43
83,500,16.39,30.51,751.11
84,500,16.77,29.82,750.73
85,500,16.07,31.11,745.78
86,500,35.13,14.23,735.63
87,500,25.26,19.79,749.92
88,500,32.27,15.49,748.96
89,500,31.72,15.76,749.74
90,500,26.88,18.60,740.71
91,500,24.54,20.38,701.07
92,500,29.08,17.19,750.12
93,500,27.32,18.30,753.65
94,500,26.88,18.60,748.41
95,500,19.36,25.82,761.61
96,500,22.49,22.23,691.20
97,500,21.65,23.09,716.46
98,500,19.64,25.46,698.65
99,500,20.51,24.38,709.16
100,500,20.35,24.57,684.45
101,500,17.60,28.40,666.22
102,500,16.54,30.23,683.92
103,500,17.65,28.32,680.37
104,500,18.45,27.10,733.44
105,500,17.71,28.24,753.53
106,500,19.97,25.04,724.25
107,500,19.21,26.02,708.68
108,500,25.86,19.33,712.02
109,500,24.82,20.14,719.25
110,500,22.70,22.03,723.04
111,500,20.96,23.85,736.29
112,500,22.53,22.20,709.82
113,500,20.74,24.11,753.54
114,500,26.97,18.54,716.14
115,500,16.55,30.20,704.11
116,500,16.87,29.63,765.68
117,500,18.36,27.23,752.18
118,500,17.07,29.30,747.15
119,500,16.51,30.29,736.28
120,500,16.20,30.87,728.73
121,500,16.16,30.94,734.20
122,500,17.57,28.46,741.04
123,500,27.67,18.07,548.71
124,500,17.02,29.38,631.00
125,500,17.01,29.40,673.20
126,500,18.91,26.45,658.94
127,500,18.62,26.85,679.05
128,500,19.56,25.56,673.73
129,500,19.55,25.57,681.52
130,500,17.92,27.91,692.93
131,500,18.57,26.93,664.55
132,500,18.82,26.56,668.20
133,500,18.38,27.20,685.59
134,500,17.63,28.37,685.31
135,500,17.42,28.71,679.01
136,500,17.78,28.13,692.56
137,500,17.55,28.48,666.42
138,500,18.41,27.16,676.54
139,500,18.66,26.80,701.02
140,500,17.94,27.86,708.68
141,500,18.92,26.42,699.84
142,500,19.27,25.95,672.87
143,500,17.39,28.75,712.37
144,500,18.36,27.23,719.54
145,500,17.88,27.96,721.19
146,500,16.81,29.75,730.65
147,500,17.17,29.13,729.62
148,500,17.59,28.42,738.82
149,500,16.99,29.44,740.11
1,500,14.59,34.27,958.08
2,500,11.93,41.90,965.07
3,500,10.19,49.05,983.23
4,500,10.13,49.34,978.82
5,500,11.74,42.61,969.50
6,500,11.68,42.82,1002.24
7,500,11.54,43.34,990.18
8,500,11.54,43.34,991.76
9,500,11.84,42.22,1021.75
10,500,11.66,42.87,1042.68
11,500,18.82,26.57,994.20
12,500,16.16,30.95,1028.56
13,500,12.96,38.59,1022.01
14,500,18.78,26.62,1059.89
15,500,18.19,27.48,894.48
1,500,14.61,34.23,580.26
2,500,13.09,38.21,643.10
3,500,14.48,34.54,646.00
4,500,12.58,39.76,662.82
1,500,10.54,47.42,907.20
2,500,10.50,47.60,931.66
3,500,11.36,44.01,943.29
4,500,11.69,42.79,906.22
5,500,11.36,44.03,951.32
6,500,11.85,42.19,977.82
7,500,11.49,43.50,990.78
8,500,11.19,44.67,1029.30
9,500,11.64,42.94,1042.97
10,500,11.27,44.37,1017.79
11,500,11.46,43.65,1035.99
12,500,11.27,44.36,1024.18
13,500,11.82,42.30,1033.19
14,500,13.49,37.07,1012.59
15,500,11.39,43.91,1018.44
16,500,18.00,27.77,965.48
17,500,17.03,29.36,1017.43
18,500,17.19,29.09,1009.56
19,500,16.05,31.16,1002.71
20,500,18.52,27.00,981.55
21,500,17.37,28.78,997.12
22,500,17.77,28.13,1032.45
23,500,16.76,29.83,898.27
24,500,16.16,30.94,941.49
25,500,17.92,27.90,934.55
26,500,16.46,30.38,936.04
27,500,16.17,30.93,949.38
28,500,16.79,29.78,953.50
29,500,11.74,42.58,959.04
30,500,13.79,36.27,987.08
31,500,11.76,42.51,973.72
32,500,11.66,42.89,929.58
33,500,12.04,41.53,938.28
34,500,12.00,41.65,928.57
35,500,11.96,41.80,931.80
36,500,12.83,38.97,949.07
37,500,12.30,40.66,936.83
38,500,13.27,37.67,951.37
39,500,12.68,39.43,946.64
40,500,11.43,43.73,948.01
41,500,11.14,44.89,936.86
42,500,11.37,43.96,954.39
43,500,12.13,41.21,901.38
44,500,10.90,45.88,913.20
45,500,12.12,41.26,951.79
46,500,11.63,42.99,964.77
47,500,10.65,46.96,793.40
48,500,26.52,18.86,632.10
49,500,40.12,12.46,573.47
50,500,11.79,42.39,635.25
51,500,13.39,37.33,606.76
52,500,13.39,37.33,665.19
53,500,10.37,48.21,665.66
54,500,10.31,48.52,670.67
55,500,11.87,42.12,663.52
56,500,10.47,47.74,664.71
57,500,11.02,45.38,671.14
58,500,15.63,31.99,606.50
